Domain,Model,Coherence,NPMI,U_Mass
academy,BERTopic,0.8762210757864846,0.2850381290957668,2.5431059454558156
academy,VAE,0.862692635456721,0.04273381992379401,3.6027339879492715
academy,LowBERTopic,0.8851495537492965,0.3052876798330143,1.579532077695399
media,LowBERTopic,0.9152991715404722,0.08393119933900123,1.699876323384348
news,BERTopic,0.9184503108263016,0.42220424538506435,2.413832114265996
news,VAE,0.9051108655002382,0.08949612084754115,3.766649575706026
news,LowBERTopic,0.9275966975424026,0.18700713099127692,2.9812825834727077
