Domain,Model,Coherence,NPMI,U_Mass
academy,BERTopic,0.9366026474369897,0.05738642391480421,-1.209516230896566
academy,VAE,0.8961169132479915,0.22979461868915488,-1.441520797495311
media,BERTopic,0.9326986246638828,0.10273456013989431,-1.4375884517098838
media,VAE,0.940231442451477,0.38321084022598667,-1.487182922194619
news,BERTopic,0.9130423333909775,0.4224989386870308,-1.3960877254203699
news,VAE,0.9044195499685075,0.6186708174264868,-1.1576367525824027
