Domain,Model,Coherence,NPMI,U_Mass
academy,BERTopic,0.8737610032904444,0.346442472540023,-2.0467137842729315
academy,VAE,0.8984995616271706,0.02939140427102995,-3.146338591907099
academy,LowBERTopic,0.903044961227311,0.2198927213426931,-1.703265694612159
media,BERTopic,0.925172665045243,0.09174762120233051,-2.368536399443036
media,VAE,0.9127447488332036,0.015967728445199687,-2.981598004489369
media,LowBERTopic,0.9357759541935391,0.09533021953006904,-2.0725675528194154
news,BERTopic,0.9056875142930213,0.4606675230309128,-2.0089470733181853
news,VAE,0.9286085986464395,0.038217244789225724,-3.6140248991784474
news,LowBERTopic,0.9174770640002357,0.16700199955084666,-2.5830527033679216
