Domain,Model,Coherence,NPMI,U_Mass
academy,BERTopic,0.9423503438631693,0.03708276697177871,-0.9557544028196542
academy,VAE,0.9208019004927741,0.5293889025941169,-1.2842213342727735
media,BERTopic,0.9416025205894752,0.09183409668229699,-1.35219914208111
media,VAE,0.9127320021390916,0.48981203317017435,-1.3613092863295277
news,BERTopic,0.9173474174958688,0.4259993482124149,-1.3617557748183327
news,VAE,0.939183262321684,0.4427696881490712,-1.283478491496815
